{"cameraMode":{"drawMode":0,"name":"Shaded","section":"Shading Mode"},"sceneLighting":false,"audioPlay":false,"sceneViewState":{"m_AlwaysRefresh":false,"showFog":false,"showSkybox":false,"showFlares":false,"showImageEffects":false,"showParticleSystems":false,"showVisualEffectGraphs":true,"m_FxEnabled":true},"in2DMode":false,"pivot":{"x":-0.01948481798171997,"y":0.8040307760238648,"z":0.05978557467460632},"rotation":{"x":-0.02532176487147808,"y":0.9535905718803406,"z":-0.28841325640678408,"w":-0.08345401287078858},"size":1.1776458024978638,"orthographic":false}